{
    "0338.jpg": {
        "PSNR": 37.90845683833452,
        "SSIM": 0.9277952030156928
    },
    "0448.jpg": {
        "PSNR": 42.8554239140189,
        "SSIM": 0.9540197094644599
    },
    "0237.jpg": {
        "PSNR": 33.079737180442194,
        "SSIM": 0.93152565218296
    },
    "0089.jpg": {
        "PSNR": 33.7319379593564,
        "SSIM": 0.9183827435101706
    },
    "0178.jpg": {
        "PSNR": 30.97304637042072,
        "SSIM": 0.8546511271979638
    },
    "0561.jpg": {
        "PSNR": 36.66346915725767,
        "SSIM": 0.9319500231908149
    },
    "0336.jpg": {
        "PSNR": 33.11315084927048,
        "SSIM": 0.927028302159283
    },
    "0378.jpg": {
        "PSNR": 38.41523604103057,
        "SSIM": 0.9275184524236582
    },
    "0577.jpg": {
        "PSNR": 35.02799559593092,
        "SSIM": 0.8986962552882433
    },
    "0599.jpg": {
        "PSNR": 34.69516649367604,
        "SSIM": 0.886092504132534
    },
    "0493.jpg": {
        "PSNR": 36.217124189023096,
        "SSIM": 0.9202364758496768
    },
    "0101.jpg": {
        "PSNR": 28.603356409483233,
        "SSIM": 0.826163254520599
    },
    "0510.jpg": {
        "PSNR": 30.575976128682374,
        "SSIM": 0.8493263452140578
    },
    "0017.jpg": {
        "PSNR": 25.910635816925232,
        "SSIM": 0.8117007232393683
    },
    "0187.jpg": {
        "PSNR": 31.345622915324984,
        "SSIM": 0.8810599137410019
    },
    "0235.jpg": {
        "PSNR": 34.177000351154454,
        "SSIM": 0.941737005160208
    },
    "0020.jpg": {
        "PSNR": 22.979641258867098,
        "SSIM": 0.5870862076993557
    },
    "0087.jpg": {
        "PSNR": 26.439736896774335,
        "SSIM": 0.8469289991711372
    },
    "0210.jpg": {
        "PSNR": 26.532880935773942,
        "SSIM": 0.7948718509854633
    },
    "0455.jpg": {
        "PSNR": 42.686578323531144,
        "SSIM": 0.9530596824118092
    },
    "0063.jpg": {
        "PSNR": 30.092551750431028,
        "SSIM": 0.8095725322173036
    },
    "0357.jpg": {
        "PSNR": 33.39791770750155,
        "SSIM": 0.8996910091942074
    },
    "0506.jpg": {
        "PSNR": 35.91463167298308,
        "SSIM": 0.9219891126619267
    },
    "0401.jpg": {
        "PSNR": 38.98304844000747,
        "SSIM": 0.935982939072511
    },
    "0558.jpg": {
        "PSNR": 33.53866737835891,
        "SSIM": 0.8961754719366577
    },
    "0048.jpg": {
        "PSNR": 27.95958391164374,
        "SSIM": 0.7994135306312512
    },
    "0486.jpg": {
        "PSNR": 36.50231617616252,
        "SSIM": 0.9235090029672953
    },
    "0381.jpg": {
        "PSNR": 39.58041577371996,
        "SSIM": 0.9358225786751619
    },
    "0492.jpg": {
        "PSNR": 35.41309700749587,
        "SSIM": 0.916214882036998
    },
    "0303.jpg": {
        "PSNR": 37.48891471559794,
        "SSIM": 0.9391698530186603
    },
    "0156.jpg": {
        "PSNR": 30.172036978503357,
        "SSIM": 0.8374794662535366
    },
    "0354.jpg": {
        "PSNR": 36.36119746944751,
        "SSIM": 0.9235329174055127
    },
    "0090.jpg": {
        "PSNR": 35.232367995726065,
        "SSIM": 0.9389414067763823
    },
    "0228.jpg": {
        "PSNR": 34.22815369426746,
        "SSIM": 0.9024578734633664
    },
    "0161.jpg": {
        "PSNR": 32.560039238989845,
        "SSIM": 0.8986454320847748
    },
    "0097.jpg": {
        "PSNR": 38.51370029663504,
        "SSIM": 0.967236829099156
    },
    "0025.jpg": {
        "PSNR": 33.15318475752893,
        "SSIM": 0.9139046308533781
    },
    "0398.jpg": {
        "PSNR": 40.9052265431357,
        "SSIM": 0.9465972023949255
    },
    "0258.jpg": {
        "PSNR": 42.400269752581494,
        "SSIM": 0.9533277053292866
    },
    "0583.jpg": {
        "PSNR": 35.21450367695711,
        "SSIM": 0.9096202525144778
    },
    "0241.jpg": {
        "PSNR": 30.62597799567705,
        "SSIM": 0.9226350636399079
    },
    "0375.jpg": {
        "PSNR": 39.330802702804256,
        "SSIM": 0.9352832418182918
    },
    "0272.jpg": {
        "PSNR": 33.239623517779826,
        "SSIM": 0.931794987914864
    },
    "0252.jpg": {
        "PSNR": 42.217591318622524,
        "SSIM": 0.9526927797096258
    },
    "0214.jpg": {
        "PSNR": 34.04579627844001,
        "SSIM": 0.897772340271677
    },
    "0112.jpg": {
        "PSNR": 36.529667807229885,
        "SSIM": 0.9060020586017703
    },
    "0181.jpg": {
        "PSNR": 32.459870176393686,
        "SSIM": 0.8802847201705432
    },
    "0346.jpg": {
        "PSNR": 38.29523368118054,
        "SSIM": 0.9365336653601015
    },
    "0194.jpg": {
        "PSNR": 30.39155252837,
        "SSIM": 0.8560433918652138
    },
    "0480.jpg": {
        "PSNR": 36.48373341175869,
        "SSIM": 0.9313838747994525
    },
    "0138.jpg": {
        "PSNR": 30.613377541659492,
        "SSIM": 0.849326091901482
    },
    "0031.jpg": {
        "PSNR": 31.064041764292543,
        "SSIM": 0.8750517387177748
    },
    "0299.jpg": {
        "PSNR": 42.58285697441706,
        "SSIM": 0.9600174989159855
    },
    "0172.jpg": {
        "PSNR": 26.28696064791731,
        "SSIM": 0.7928687859795125
    },
    "0168.jpg": {
        "PSNR": 30.587437315113984,
        "SSIM": 0.8813967615391887
    },
    "0402.jpg": {
        "PSNR": 39.54875084104552,
        "SSIM": 0.9420973047037433
    },
    "0497.jpg": {
        "PSNR": 35.29573294019222,
        "SSIM": 0.9195416162986367
    },
    "0421.jpg": {
        "PSNR": 42.6686805099094,
        "SSIM": 0.9539954522682178
    },
    "0458.jpg": {
        "PSNR": 35.50672574117868,
        "SSIM": 0.9193414686374353
    },
    "0516.jpg": {
        "PSNR": 25.926975480150944,
        "SSIM": 0.7764128958116773
    }
}