{
    "diverse_samples": {
        "SRCNN": {
            "psnr": 29.792863844138044,
            "ssim": 0.808547534880176,
            "psnr_std": 2.6192068723877937,
            "ssim_std": 0.10758262032580869,
            "count": 6
        },
        "EDSR": {
            "psnr": 29.403791517431358,
            "ssim": 0.8014012574225858,
            "psnr_std": 2.5149063833253273,
            "ssim_std": 0.1070378389755216,
            "count": 6
        },
        "EEDSR": {
            "psnr": 35.710779289556626,
            "ssim": 0.9225681352338208,
            "psnr_std": 3.391125247574822,
            "ssim_std": 0.05726418371013134,
            "count": 6
        }
    },
    "sample_indices": [
        0,
        800,
        1600,
        2400,
        3200,
        4000
    ]
}